command,mean,stddev,median,user,system,min,max,parameter_lang,parameter_mode,parameter_node,parameter_size
python3 main.py 0 ../test-data-00MB.txt,0.010710835296899224,0.0002351974931003084,0.010682722700000001,0.00836612899224806,0.0018621686821705425,0.010296543699999999,0.0114132917,python,testlc,0,0
python3 main.py 1 ../test-data-00MB.txt,0.010718657087218048,0.00023136396770928976,0.0106884982,0.008148370526315786,0.002075240451127819,0.0101853537,0.0116449607,python,testlc,1,0
python3 main.py 2 ../test-data-00MB.txt,0.010703697273076917,0.00021806790276109872,0.0106824517,0.008152975384615383,0.002060489615384615,0.0102595577,0.0113791677,python,testlc,2,0
python3 main.py 3 ../test-data-00MB.txt,0.010722919339097747,0.00022641265860533767,0.0106711872,0.008369832932330823,0.0018581702255639097,0.0102590287,0.0115602677,python,testlc,3,0
python3 main.py 4 ../test-data-00MB.txt,0.010693903741984737,0.0002289695215024637,0.0106794142,0.00839472870229007,0.0018177335877862595,0.0102547927,0.0119230247,python,testlc,4,0
python3 main.py 5 ../test-data-00MB.txt,0.01068722813511451,0.00022491123224264683,0.0106582312,0.008422488244274811,0.0017725110687022902,0.0102533447,0.0116835807,python,testlc,5,0
python3 main.py 6 ../test-data-00MB.txt,0.010621677755555553,0.00018058257515906313,0.010595254699999999,0.008046878518518511,0.002094223481481481,0.0102872447,0.0114670157,python,testlc,6,0
python3 main.py 7 ../test-data-00MB.txt,0.012018538201901142,0.0011122155730417804,0.0125399847,0.00936139003802281,0.0021028516349809894,0.0102512557,0.0136573197,python,testlc,7,0
python3 main.py 8 ../test-data-00MB.txt,0.012988987771428576,0.00026721042934810474,0.0129890907,0.010172146607142859,0.002211087053571429,0.0124174427,0.0138437967,python,testlc,8,0
python3 main.py 9 ../test-data-00MB.txt,0.013005723509954747,0.00029054854828048976,0.0130340407,0.00977339755656108,0.0026240739366515825,0.0122890727,0.0138492187,python,testlc,9,0
python3 main.py 10 ../test-data-00MB.txt,0.012903507635779826,0.00027856398209294707,0.0128871517,0.010014660000000002,0.0023091662385321112,0.0123394367,0.0137878347,python,testlc,10,0
python3 main.py 11 ../test-data-00MB.txt,0.012944558929074881,0.0004209250132130198,0.0128960727,0.010017743700440526,0.002314259735682819,0.0124335527,0.0176690027,python,testlc,11,0
python3 main.py 12 ../test-data-00MB.txt,0.012910489075565612,0.00028202069096370337,0.0129047537,0.01017642018099548,0.0021448229864253405,0.0122741397,0.0137745307,python,testlc,12,0
python3 main.py 13 ../test-data-00MB.txt,0.012944217404035889,0.000267763096857238,0.0129494297,0.009727207085201786,0.0026318222421524667,0.0123466267,0.0138232017,python,testlc,13,0
python3 main.py 14 ../test-data-00MB.txt,0.01290618502608696,0.000280483571872337,0.0129097082,0.010125886086956519,0.002198469043478261,0.0122989387,0.0137488997,python,testlc,14,0
python3 main.py 15 ../test-data-00MB.txt,0.012850999335135132,0.0002554393073047536,0.0128126822,0.009685322162162164,0.0025918271171171173,0.0122576097,0.0135999777,python,testlc,15,0
python3 main.py 16 ../test-data-00MB.txt,0.01305171300660377,0.0005585207553938706,0.0130011412,0.009964726037735851,0.0024514255660377363,0.0123662037,0.0194306537,python,testlc,16,0
Rscript --vanilla main.R 0 ../test-data-00MB.txt,0.14447176843,0.0027232429863932642,0.14422429718000002,0.12053907,0.018637060000000004,0.13983837368000002,0.15278195268000003,R,testlc,0,0
Rscript --vanilla main.R 1 ../test-data-00MB.txt,0.13974256887047617,0.0013526882959631027,0.13991234068000002,0.11410638190476191,0.02023603142857143,0.13732213668,0.14176249568000002,R,testlc,1,0
Rscript --vanilla main.R 2 ../test-data-00MB.txt,0.14463225634666665,0.0018575347500503837,0.14469628268,0.11803357238095236,0.021337698095238094,0.14163969968,0.14825773768000003,R,testlc,2,0
Rscript --vanilla main.R 3 ../test-data-00MB.txt,0.14430696977999996,0.001690705090803365,0.14400134618000002,0.11779717,0.020929660000000003,0.14035680468,0.14762585068,R,testlc,3,0
Rscript --vanilla main.R 4 ../test-data-00MB.txt,0.14467953278,0.0012128349815484648,0.14472526468000002,0.11919057,0.019926709999999993,0.14208953468000002,0.14663744568,R,testlc,4,0
Rscript --vanilla main.R 5 ../test-data-00MB.txt,0.14478611188000004,0.0020619267542454837,0.14454213618,0.11823631999999998,0.02050076,0.14197776368,0.15200620868,R,testlc,5,0
Rscript --vanilla main.R 6 ../test-data-00MB.txt,0.14452660118000005,0.0013027973534314333,0.14459010268,0.11439401999999999,0.02443456,0.14271039368000002,0.14763243968,R,testlc,6,0
Rscript --vanilla main.R 7 ../test-data-00MB.txt,0.14530390973000004,0.0016830506532353204,0.14540810518000002,0.11562586999999998,0.024053059999999998,0.14233446368000002,0.14816517768,R,testlc,7,0
Rscript --vanilla main.R 8 ../test-data-00MB.txt,0.14577681403000003,0.0019363639667779216,0.14627730368000003,0.11779252,0.021914059999999992,0.14173518868,0.14852822268000002,R,testlc,8,0
Rscript --vanilla main.R 9 ../test-data-00MB.txt,0.14476645713000003,0.0015221631905390938,0.14523104568,0.11566011999999999,0.02347751,0.14253128968,0.14831456368,R,testlc,9,0
Rscript --vanilla main.R 10 ../test-data-00MB.txt,0.14508950993,0.0014780404497002418,0.14501652018,0.11847917000000004,0.020826860000000003,0.14193692768000002,0.14758077668000003,R,testlc,10,0
Rscript --vanilla main.R 11 ../test-data-00MB.txt,0.14529462413,0.0009906021818086995,0.14535501418000002,0.11995991999999997,0.01929546,0.14347049168,0.14685174668,R,testlc,11,0
Rscript --vanilla main.R 12 ../test-data-00MB.txt,0.14481728006095243,0.0014404903240370422,0.14513987668000003,0.1172543819047619,0.02159769809523809,0.14189830868000003,0.14691840968000003,R,testlc,12,0
Rscript --vanilla main.R 13 ../test-data-00MB.txt,0.14518171838,0.0014166454184234743,0.14515996718000002,0.12203041999999997,0.017263709999999995,0.14223478768,0.14831888568,R,testlc,13,0
Rscript --vanilla main.R 14 ../test-data-00MB.txt,0.14541583793000004,0.0009537952566112939,0.14553250818000002,0.11721716999999998,0.022114059999999998,0.14353381068,0.14697363968000002,R,testlc,14,0
Rscript --vanilla main.R 15 ../test-data-00MB.txt,0.14505875858000003,0.001567213592951545,0.14549213068,0.11809212,0.020798709999999998,0.14166291968000003,0.14787949968000003,R,testlc,15,0
Rscript --vanilla main.R 16 ../test-data-00MB.txt,0.14583172643000003,0.0014652702023865711,0.14583309018,0.11826951999999999,0.02109051,0.14388064168,0.15057242068,R,testlc,16,0
./cmain 0 ../test-data-00MB.txt,0.0010054587428740165,0.00004569285452439964,0.0010061518599999999,0.000804951102362206,0.0001402560629921261,0.00085567786,0.00121704786,C,testlc,0,0
./cmain 1 ../test-data-00MB.txt,0.001017708373861387,0.000038988213444465356,0.00101389986,0.0008073863168316834,0.0001490429306930693,0.0009317928599999999,0.00128598586,C,testlc,1,0
./cmain 2 ../test-data-00MB.txt,0.0010153562916860451,0.000043457207086922006,0.00101095036,0.0008034577325581398,0.00015082982558139538,0.0009342478600000001,0.0019029018600000003,C,testlc,2,0
./cmain 3 ../test-data-00MB.txt,0.001008393832999034,0.00003576427043948661,0.00100709386,0.0008004715332690466,0.0001503851301832208,0.0009321458599999999,0.00121412386,C,testlc,3,0
./cmain 4 ../test-data-00MB.txt,0.0010117174948039217,0.00003877977937157912,0.00100899936,0.0008121878627450983,0.0001407207450980393,0.0009415188599999999,0.00132325286,C,testlc,4,0
./cmain 5 ../test-data-00MB.txt,0.0010075148224876597,0.00003417395940944065,0.00100548086,0.0008066362290227042,0.00014378171767028623,0.00093716186,0.00115305886,C,testlc,5,0
./cmain 6 ../test-data-00MB.txt,0.0010138340002912606,0.000036565080106609164,0.00101061136,0.0008109559029126222,0.00014392933980582516,0.00093379186,0.00133445186,C,testlc,6,0
./cmain 7 ../test-data-00MB.txt,0.0010303347156701034,0.00006529912496911879,0.00101751186,0.0008124799410898376,0.00015534248404516435,0.00093722686,0.00167461586,C,testlc,7,0
./cmain 8 ../test-data-00MB.txt,0.0010190217300890508,0.000041417642734115456,0.00101317686,0.0008151478051335788,0.0001456171189104244,0.00093595386,0.00134032386,C,testlc,8,0
./cmain 9 ../test-data-00MB.txt,0.0010126519259285346,0.000036427732351093196,0.00101027086,0.0008127187921489689,0.00014114550578761943,0.0009393018600000001,0.00127073286,C,testlc,9,0
./cmain 10 ../test-data-00MB.txt,0.0010085290680344344,0.000038310531827007947,0.0010067598600000001,0.0008072658058345299,0.00014350528933524613,0.00092930886,0.00141432686,C,testlc,10,0
./cmain 11 ../test-data-00MB.txt,0.0010090023343158885,0.00003583657538539649,0.00100899386,0.0008025279116658666,0.00014935765722515603,0.0009371258600000001,0.00115153686,C,testlc,11,0
./cmain 12 ../test-data-00MB.txt,0.0010149210973386304,0.00003738416513979523,0.00101201586,0.0008057302681231372,0.0001491927507447866,0.00093612686,0.00137133186,C,testlc,12,0
./cmain 13 ../test-data-00MB.txt,0.001022593153910416,0.00003699710802381804,0.00101904986,0.000813575863110217,0.00014664499245093106,0.00093763686,0.0012542048600000001,C,testlc,13,0
./cmain 14 ../test-data-00MB.txt,0.0010196852326461831,0.00003722276949989513,0.00101622286,0.0008227192071357775,0.00013493177403369676,0.00094030386,0.00122924986,C,testlc,14,0
./cmain 15 ../test-data-00MB.txt,0.0010184109546267231,0.00003843490155997429,0.00101604086,0.0008089738659058495,0.00014728087494056118,0.00093959986,0.0013651368600000001,C,testlc,15,0
./cmain 16 ../test-data-00MB.txt,0.001019871913732762,0.000038943456611148675,0.00101770786,0.0008073176604850222,0.00014962170233000452,0.0009387088599999999,0.00128915786,C,testlc,16,0
python3 main.py 20 ../test-data-00MB.txt,0.012997020237383175,0.00029478265187981196,0.0129993482,0.009607669906542054,0.002782514018691589,0.012407510200000001,0.0138283632,python,testlc,20,0
python3 main.py 20 ../test-data-10MB.txt,0.056369329488461524,0.0003980294937443779,0.05628559820000001,0.040215009230769226,0.014847507692307695,0.055473870200000004,0.057397357200000006,python,testlc,20,1
python3 main.py 20 ../test-data-20MB.txt,0.09870551213333335,0.0007090212778549721,0.09882992569999999,0.06898467333333332,0.028181599999999994,0.0972008602,0.0997432472,python,testlc,20,2
python3 main.py 20 ../test-data-30MB.txt,0.1378806019619048,0.0005872633649186644,0.13801650520000003,0.09715209714285714,0.03918139047619048,0.1370050002,0.1386908122,python,testlc,20,3
python3 main.py 20 ../test-data-40MB.txt,0.332269737,0.006347878980131866,0.3319802237,0.10745284,0.22369749999999997,0.3238072502,0.3455666572,python,testlc,20,4
python3 main.py 20 ../test-data-50MB.txt,0.41358004500000006,0.006077593511421478,0.41203306270000006,0.15542693999999999,0.25690520000000006,0.40734017720000004,0.42539290820000003,python,testlc,20,5
python3 main.py 20 ../test-data-60MB.txt,0.5134288546,0.011332076463313637,0.5146996471999999,0.19429834,0.31765889999999997,0.4879956972,0.5256322662,python,testlc,20,6
python3 main.py 20 ../test-data-70MB.txt,0.6007887593000001,0.006871222691677601,0.6020007622,0.20822613999999998,0.39106969999999996,0.5914396822,0.6100528441999999,python,testlc,20,7
python3 main.py 20 ../test-data-80MB.txt,0.6856671158,0.004199038413401452,0.6853131267,0.23559064,0.4484583,0.6804374622,0.6928239232,python,testlc,20,8
python3 main.py 20 ../test-data-90MB.txt,0.7671147545,0.007447112347291917,0.7663574667,0.26815094,0.4972486,0.7540118312,0.7817084892,python,testlc,20,9
python3 main.py 20 ../test-data-100MB.txt,0.8432207810000001,0.004527436834782899,0.8435213136999999,0.27759214,0.5635610000000001,0.8372894652,0.8520881682,python,testlc,20,10
python3 main.py 20 ../test-data-110MB.txt,0.9298708756,0.005017255018648377,0.9290543597,0.32935674,0.5986615,0.9213923502,0.9366238682,python,testlc,20,11
python3 main.py 20 ../test-data-120MB.txt,1.0082463828,0.003980140414334384,1.0077894252,0.35764263999999996,0.6488521,1.0028194912,1.0157039922,python,testlc,20,12
python3 main.py 20 ../test-data-130MB.txt,1.0967173632999998,0.010291942147457803,1.0950260911999998,0.36862243999999994,0.7261178,1.0833295752,1.1125318772,python,testlc,20,13
python3 main.py 20 ../test-data-140MB.txt,1.1807723383000002,0.0052592746067341885,1.1804505687,0.38642923999999995,0.7920131999999998,1.1725496412,1.1879902482,python,testlc,20,14
python3 main.py 20 ../test-data-150MB.txt,1.2631526068999999,0.00894181988070323,1.2635450242,0.43897404,0.8220637999999999,1.2484187372,1.2789981892,python,testlc,20,15
python3 main.py 20 ../test-data-160MB.txt,1.3606920915000003,0.011904939802411594,1.3579524167,0.4607791399999999,0.8976495,1.3450156692,1.3763397532,python,testlc,20,16
Rscript --vanilla main.R 20 ../test-data-00MB.txt,0.14634977211,0.002017939796045926,0.14610917236,0.11670627000000003,0.02324412,0.14291024336,0.15215166036,R,testlc,20,0
Rscript --vanilla main.R 20 ../test-data-10MB.txt,0.22598179759076928,0.002044325179179721,0.22548536236000002,0.15901199692307694,0.060405443076923075,0.22276999236,0.23074269836000003,R,testlc,20,1
Rscript --vanilla main.R 20 ../test-data-20MB.txt,0.31660377145999996,0.004533571386173073,0.31555893186,0.22506282000000005,0.08427401999999999,0.31228142436,0.32806432936,R,testlc,20,2
Rscript --vanilla main.R 20 ../test-data-30MB.txt,0.38663800106,0.0054528611384051535,0.38568129036,0.25669432,0.12304762,0.38083692936,0.40089218536000004,R,testlc,20,3
Rscript --vanilla main.R 20 ../test-data-40MB.txt,0.51174977036,0.0023524533441231024,0.51195888136,0.27628682,0.22898082,0.5078270233600001,0.51547998236,R,testlc,20,4
Rscript --vanilla main.R 20 ../test-data-50MB.txt,0.6369294092600002,0.0036324169071527967,0.63746815286,0.33781192,0.29212062,0.62815448436,0.64141481536,R,testlc,20,5
Rscript --vanilla main.R 20 ../test-data-60MB.txt,0.71909568446,0.005194805358466027,0.7185013998600001,0.35220602,0.35897072,0.71171060036,0.73007285136,R,testlc,20,6
Rscript --vanilla main.R 20 ../test-data-70MB.txt,0.8085268099600003,0.002207220860991298,0.8086100178600001,0.40044852,0.40101482,0.8051638093600001,0.8122846273600001,R,testlc,20,7
Rscript --vanilla main.R 20 ../test-data-80MB.txt,0.8873564967600001,0.0072573833667149736,0.8876461263600001,0.44267622000000006,0.43752092,0.87613176236,0.8961016473600001,R,testlc,20,8
Rscript --vanilla main.R 20 ../test-data-90MB.txt,0.9691560160600001,0.0055108592307679385,0.96905457386,0.47110352000000005,0.48985652,0.95987598336,0.9780856103600001,R,testlc,20,9
Rscript --vanilla main.R 20 ../test-data-100MB.txt,1.04685261416,0.004077077181475009,1.04717935486,0.48051052000000005,0.5589455200000001,1.03982147136,1.05441877536,R,testlc,20,10
Rscript --vanilla main.R 20 ../test-data-110MB.txt,1.13707259836,0.008291862908006578,1.13546411536,0.5137388199999999,0.61591172,1.12627823536,1.15236232436,R,testlc,20,11
Rscript --vanilla main.R 20 ../test-data-120MB.txt,1.21684625916,0.008217436691017361,1.2164544533600001,0.53326842,0.67592312,1.2042650703600002,1.2286618013600001,R,testlc,20,12
Rscript --vanilla main.R 20 ../test-data-130MB.txt,1.2965559173599999,0.009676548866244089,1.2922440533600001,0.5687250199999999,0.72002392,1.2857953993600002,1.3132225783600002,R,testlc,20,13
Rscript --vanilla main.R 20 ../test-data-140MB.txt,1.37637223896,0.008622875509374678,1.3783005483600002,0.59622392,0.7727262200000001,1.3604098823600002,1.3871922413600002,R,testlc,20,14
Rscript --vanilla main.R 20 ../test-data-150MB.txt,1.45463545966,0.011696791367131568,1.4546582248600002,0.6406500199999999,0.8061901200000001,1.4317698673600001,1.4713162453600002,R,testlc,20,15
Rscript --vanilla main.R 20 ../test-data-160MB.txt,1.76075473316,0.34412173520638123,1.57014612936,0.7332344199999999,1.0177112199999998,1.5485772283600001,2.39952247436,R,testlc,20,16
./cmain 20 ../test-data-00MB.txt,0.0008738658017021271,0.00015175596720042161,0.00094152494,0.000714220406189556,0.0001279539845261121,0.0006237944400000001,0.00353165344,C,testlc,20,0
./cmain 20 ../test-data-10MB.txt,0.046662845778709675,0.000551648001971825,0.04663328894,0.026999216129032253,0.019097721935483872,0.04572810244,0.04826711544000001,C,testlc,20,1
./cmain 20 ../test-data-20MB.txt,0.0941785164077419,0.0009802380330314843,0.09404093044,0.057515570967741916,0.035980867096774206,0.09216427844,0.09658702344,C,testlc,20,2
./cmain 20 ../test-data-30MB.txt,0.13804987544,0.0008509711530240005,0.13783322044000001,0.08191412857142856,0.05538014666666666,0.13698125444,0.13984484344,C,testlc,20,3
./cmain 20 ../test-data-40MB.txt,0.33233428434,0.006427296685199311,0.33056038594000003,0.1119249,0.21954727999999996,0.32832401544,0.35021977144,C,testlc,20,4
./cmain 20 ../test-data-50MB.txt,0.41070327724,0.003547749310059164,0.41006235743999997,0.1450256,0.26480158,0.40609146344,0.41654002844,C,testlc,20,5
./cmain 20 ../test-data-60MB.txt,0.49134993594000004,0.002536056274515308,0.49096570294,0.16639439999999997,0.32406008000000003,0.48683805344000003,0.49640884644,C,testlc,20,6
./cmain 20 ../test-data-70MB.txt,0.5692955475400001,0.0034436003892967977,0.5696638869400001,0.20088319999999998,0.36749218,0.5636374754400001,0.5752587504400001,C,testlc,20,7
./cmain 20 ../test-data-80MB.txt,0.6553599836400001,0.00517056010579555,0.65393286394,0.20907679999999998,0.4452225799999999,0.6498638024400001,0.6643728164400001,C,testlc,20,8
./cmain 20 ../test-data-90MB.txt,0.7287622615400001,0.005406642675256576,0.73054814294,0.24041889999999996,0.48729118,0.7174504734400001,0.73522975044,C,testlc,20,9
./cmain 20 ../test-data-100MB.txt,0.8192254075400001,0.005214153279806759,0.8201917704400001,0.2678254,0.5501486800000001,0.8068748184400001,0.82462789544,C,testlc,20,10
./cmain 20 ../test-data-110MB.txt,0.9059771460399999,0.0034061866956064447,0.90516812144,0.30920310000000006,0.59526088,0.9015491884400001,0.9118855974400001,C,testlc,20,11
./cmain 20 ../test-data-120MB.txt,0.98186039284,0.004876233927627122,0.98237633144,0.3315426,0.64882048,0.9738702374400001,0.98888005844,C,testlc,20,12
./cmain 20 ../test-data-130MB.txt,1.06733987304,0.0046552670052436365,1.06633119394,0.3587543000000001,0.70712788,1.06172759444,1.07461489544,C,testlc,20,13
./cmain 20 ../test-data-140MB.txt,1.14375927764,0.004937118284572946,1.1452918624400001,0.3716345,0.77056328,1.1341658644400001,1.14977831744,C,testlc,20,14
./cmain 20 ../test-data-150MB.txt,1.22581367964,0.003389354830580108,1.22547732344,0.4062589,0.81771368,1.2196943474400002,1.23033292944,C,testlc,20,15
./cmain 20 ../test-data-160MB.txt,1.30768619024,0.006574255091885322,1.3084031609400002,0.4428794,0.8630482800000001,1.2968838874400002,1.32188416544,C,testlc,20,16
python3 main.py 0 ../test-data-00MB.txt,0.013082046976806736,0.0002926083147872289,0.01310741546,0.010199216890756306,0.0023001657983193276,0.01215037346,0.013833774460000002,python,loading,0,0
python3 main.py 0 ../test-data-10MB.txt,0.022359349208091607,0.00032010338561880395,0.02235226246,0.012105105343511453,0.009364632519083968,0.02171185146,0.02348278446,python,loading,0,1
python3 main.py 0 ../test-data-20MB.txt,0.03151854320468085,0.00042567081382554624,0.031449359460000006,0.01283878127659574,0.017737166382978724,0.030819228460000004,0.033550991460000006,python,loading,0,2
python3 main.py 0 ../test-data-30MB.txt,0.04004768492575342,0.000687297087897162,0.03988864646,0.01504819150684931,0.023961594246575343,0.039186692460000006,0.043333876460000004,python,loading,0,3
python3 main.py 0 ../test-data-40MB.txt,0.04782415077147541,0.0006009743530202859,0.047761403460000004,0.016227063278688527,0.030494682950819675,0.04673696246,0.04943833546,python,loading,0,4
python3 main.py 0 ../test-data-50MB.txt,0.05585888629018868,0.0006962287034721905,0.055753846460000006,0.017571486415094338,0.03714228641509435,0.05458276846000001,0.05815500246000001,python,loading,0,5
python3 main.py 0 ../test-data-60MB.txt,0.06389019311217392,0.0007525609995044383,0.06382767146000001,0.018478064347826086,0.04428321217391305,0.06247213046000001,0.06668682546,python,loading,0,6
python3 main.py 0 ../test-data-70MB.txt,0.07160790184095238,0.0009330272482301635,0.07156797746000002,0.020677617142857145,0.04985382190476191,0.06999116246,0.07487468046000001,python,loading,0,7
python3 main.py 0 ../test-data-80MB.txt,0.07937829986540541,0.0007552582381571908,0.07948308246,0.020910989729729722,0.05737314108108109,0.07808347346000001,0.08108044546000001,python,loading,0,8
python3 main.py 0 ../test-data-90MB.txt,0.08789280072470587,0.002031102901718509,0.08748276246,0.02273858352941177,0.06393053058823528,0.08579278546,0.09819613246,python,loading,0,9
python3 main.py 0 ../test-data-100MB.txt,0.09559507309333334,0.0011294854808516672,0.09560627396000002,0.024176926666666664,0.07019192666666664,0.09379437046000001,0.09842103146,python,loading,0,10
python3 main.py 0 ../test-data-110MB.txt,0.1035854797457143,0.0014966173910542606,0.10312793346000002,0.023096367142857142,0.07915345285714284,0.10203439546000001,0.10747061946000001,python,loading,0,11
python3 main.py 0 ../test-data-120MB.txt,0.11172059149846153,0.0018277887435778882,0.11139597996,0.02444506769230769,0.08588548307692306,0.10898393446000001,0.11769112246,python,loading,0,12
python3 main.py 0 ../test-data-130MB.txt,0.11993947370000001,0.0016385044395999327,0.11926068346,0.030612340000000002,0.08808777999999999,0.11752836546,0.12304849646,python,loading,0,13
python3 main.py 0 ../test-data-140MB.txt,0.1272231015904348,0.0007255575636931235,0.12717025246000002,0.03161652086956522,0.09424071217391304,0.12552936646,0.12864005646,python,loading,0,14
python3 main.py 0 ../test-data-150MB.txt,0.13489983455090912,0.0004809719853219743,0.13493157946,0.03169321454545455,0.1017856509090909,0.13367196046000002,0.13570516546,python,loading,0,15
python3 main.py 0 ../test-data-160MB.txt,0.14283381876000006,0.0012566298430966324,0.14253763146000004,0.031065959999999997,0.11024266,0.14135865746,0.14705734346000002,python,loading,0,16
Rscript --vanilla main.R 0 ../test-data-00MB.txt,0.14716469214,0.0023821850831208936,0.14767266794,0.11486481000000001,0.025615339999999997,0.14195100344,0.15213620344,R,loading,0,0
Rscript --vanilla main.R 0 ../test-data-10MB.txt,0.15899478632888886,0.0016721634116716186,0.15856382344000003,0.11976857111111111,0.032898217777777766,0.15675966444,0.16352006544,R,loading,0,1
Rscript --vanilla main.R 0 ../test-data-20MB.txt,0.19527842457333336,0.0014658005673843916,0.19523853044,0.1451994933333333,0.042923206666666665,0.19268323644000002,0.19862604444,R,loading,0,2
Rscript --vanilla main.R 0 ../test-data-30MB.txt,0.22377256736307688,0.002054312182594435,0.22330009244000001,0.1608062676923077,0.0555083246153846,0.22111323144,0.22812382444,R,loading,0,3
Rscript --vanilla main.R 0 ../test-data-40MB.txt,0.2364637066066667,0.002341020801042797,0.23625333544000002,0.16466012666666666,0.06385493999999999,0.23131488444,0.24073221344,R,loading,0,4
Rscript --vanilla main.R 0 ../test-data-50MB.txt,0.24963521152333332,0.003459068251686099,0.24987875694,0.17093904333333332,0.07152385666666666,0.24471731244000003,0.25502037244,R,loading,0,5
Rscript --vanilla main.R 0 ../test-data-60MB.txt,0.25833328962181823,0.0018481425708677273,0.25807676743999997,0.16848832363636362,0.08222748545454545,0.25554790744,0.26166952544,R,loading,0,6
Rscript --vanilla main.R 0 ../test-data-70MB.txt,0.28461969504,0.0021994358750504965,0.28399175544,0.18290155999999996,0.09384574,0.28234477044,0.28933808844,R,loading,0,7
Rscript --vanilla main.R 0 ../test-data-80MB.txt,0.29706280584,0.0024937742725235313,0.29681143094,0.18218526,0.10763194000000001,0.29366498144,0.30225018944,R,loading,0,8
Rscript --vanilla main.R 0 ../test-data-90MB.txt,0.30725688094,0.0020791173709636835,0.30645145844,0.18896185999999998,0.11073653999999997,0.30388323744,0.31049797944,R,loading,0,9
Rscript --vanilla main.R 0 ../test-data-100MB.txt,0.31913500613999995,0.0027582719261272912,0.31919329094000004,0.19696665999999996,0.11498354,0.31508696444,0.32352207843999997,R,loading,0,10
Rscript --vanilla main.R 0 ../test-data-110MB.txt,0.33579494364,0.005121517186902468,0.33298324944,0.19647256,0.13144284,0.33078047443999997,0.34541198944,R,loading,0,11
Rscript --vanilla main.R 0 ../test-data-120MB.txt,0.34532225593999993,0.004041395916166736,0.34517097294,0.20161325999999996,0.13630603999999996,0.34024937843999997,0.35301040644,R,loading,0,12
Rscript --vanilla main.R 0 ../test-data-130MB.txt,0.35805810494,0.0021117641353347386,0.35816602793999996,0.20808776,0.14221363999999997,0.35310776044,0.36121780544,R,loading,0,13
Rscript --vanilla main.R 0 ../test-data-140MB.txt,0.36824316604,0.00350462276439081,0.36751154393999996,0.20566595999999998,0.15524724,0.36411592244,0.37727946544,R,loading,0,14
Rscript --vanilla main.R 0 ../test-data-150MB.txt,0.38239026643999996,0.0034804887233432814,0.38212097844000004,0.21206845999999996,0.16224584,0.37840623944,0.38898854244,R,loading,0,15
Rscript --vanilla main.R 0 ../test-data-160MB.txt,0.39102833764,0.0018941489379924602,0.39077544643999995,0.21129025999999995,0.17229223999999999,0.38809127244,0.39554094344,R,loading,0,16
./cmain 0 ../test-data-00MB.txt,0.0006816029524201766,0.00002748154365119026,0.0006757783800000003,0.0005772787598334107,0.00009190976399814916,0.0006349413800000001,0.0009026053800000002,C,loading,0,0
./cmain 0 ../test-data-10MB.txt,0.011342559812432425,0.000240536940312126,0.011360360380000002,0.0027261768339768336,0.008138772200772198,0.01061996838,0.012553875380000001,C,loading,0,1
./cmain 0 ../test-data-20MB.txt,0.02188490405375886,0.0007161053617084719,0.022180775380000003,0.004324614184397164,0.017045049645390078,0.020429771380000003,0.023563070380000002,C,loading,0,2
./cmain 0 ../test-data-30MB.txt,0.03152151468303031,0.0005243242635478623,0.03154892638,0.005384280808080808,0.025584030303030303,0.029552844380000002,0.03265501338,C,loading,0,3
./cmain 0 ../test-data-40MB.txt,0.04107881548666666,0.0008239247615641589,0.04102380538,0.0069963973333333354,0.03349250666666668,0.03922845538,0.04479178438,C,loading,0,4
./cmain 0 ../test-data-50MB.txt,0.05063337960413795,0.0007353061112997351,0.050597532380000004,0.009794668965517244,0.04019358620689656,0.04886892138,0.05304533938,C,loading,0,5
./cmain 0 ../test-data-60MB.txt,0.059569277293043454,0.0021629626570310364,0.05881660088,0.011906578260869561,0.047053152173913045,0.05752472738,0.06656229038000001,C,loading,0,6
./cmain 0 ../test-data-70MB.txt,0.06730643117545455,0.0008455938945497658,0.06730032838000001,0.013674281818181816,0.05302086363636363,0.06535931838,0.06986270138,C,loading,0,7
./cmain 0 ../test-data-80MB.txt,0.07675661766205129,0.001679096804437511,0.07646126738,0.0149220358974359,0.061175743589743606,0.07456059638000001,0.08314026138000001,C,loading,0,8
./cmain 0 ../test-data-90MB.txt,0.0862211460564706,0.0010265170315415866,0.08619318538000001,0.015526747058823528,0.07001705882352939,0.08324155538000001,0.08834266238,C,loading,0,9
./cmain 0 ../test-data-100MB.txt,0.09476785570258064,0.0007962858582632828,0.09476669238000002,0.016690309677419354,0.0773622258064516,0.09273364138000001,0.09639110938,C,loading,0,10
./cmain 0 ../test-data-110MB.txt,0.10333231255857146,0.0012755131335333559,0.10340145138000001,0.02154020714285714,0.08106774999999998,0.10068621638000001,0.10714400938000002,C,loading,0,11
./cmain 0 ../test-data-120MB.txt,0.1117902177874074,0.0009305285377303774,0.11201075238000001,0.02236611851851852,0.08865214814814815,0.10971735038000001,0.11381315538000002,C,loading,0,12
./cmain 0 ../test-data-130MB.txt,0.12103198029666667,0.0011681828727368921,0.12119578838,0.02363689166666666,0.09653470833333334,0.11798120838000001,0.12326826438,C,loading,0,13
./cmain 0 ../test-data-140MB.txt,0.1297482871527273,0.0009223586903032866,0.12974574888,0.023443054545454547,0.10544436363636364,0.12776856738,0.13151159838,C,loading,0,14
./cmain 0 ../test-data-150MB.txt,0.13838272595142856,0.0009647576150692267,0.13868988338,0.02768798095238095,0.10982252380952383,0.13643408438,0.13976607338,C,loading,0,15
./cmain 0 ../test-data-160MB.txt,0.14695299772999998,0.0009946092299437457,0.14707900788,0.029333399999999992,0.11672260000000001,0.14372123638,0.14835955138,C,loading,0,16
"./nexus pr 1 '""../test-data-00MB.txt""'",0.2401844962876923,0.018233844977954675,0.23013140798,0.0021491615384615385,0.00032256153846153845,0.22910930698,0.27980388698,morloc,pr,1,0
"./nexus pr 2 '""../test-data-00MB.txt""'",0.27219287498,0.01715692418228379,0.27925638998,0.0015773583333333334,0.0014953,0.24335960898,0.28874988098000004,morloc,pr,2,0
"./nexus pr 4 '""../test-data-00MB.txt""'",0.25749605889666666,0.02376306127619395,0.24753776498000002,0.002028725,0.0005157916666666667,0.23455029298000002,0.28702273898,morloc,pr,4,0
"./nexus pr 8 '""../test-data-00MB.txt""'",0.25299348608,0.019883300562148605,0.24257327998,0.00144663,0.0008201499999999999,0.24165875398,0.29058730498,morloc,pr,8,0
"./nexus pr 16 '""../test-data-00MB.txt""'",0.25899785878000003,0.004985073663518904,0.25790027548,0.0013235999999999999,0.00105076,0.25572996698,0.27274822998000003,morloc,pr,16,0
"./nexus pr 32 '""../test-data-00MB.txt""'",0.28571211098,0.0008637863703469267,0.28575248598,0.0017017,0.00060395,0.28395201698,0.28694042698,morloc,pr,32,0
"./nexus pr 64 '""../test-data-00MB.txt""'",0.34565008788000007,0.006976739227625683,0.34220400748,0.0016656000000000002,0.00059065,0.33901089098000003,0.35820035898,morloc,pr,64,0
"./nexus pr 128 '""../test-data-00MB.txt""'",0.46186070298000004,0.0028563854390991233,0.46081541748000004,0.0017624999999999997,0.00050804,0.45885715598000004,0.46854396698,morloc,pr,128,0
"./nexus pr 256 '""../test-data-00MB.txt""'",0.71433174338,0.0073087630015776,0.7110033929800001,0.0013815000000000001,0.0009010499999999999,0.7092586529800001,0.7307877409800001,morloc,pr,256,0
"./nexus pr 512 '""../test-data-00MB.txt""'",1.4083346019799998,0.004979786061476391,1.40664274998,0.001623,0.00076355,1.40303164298,1.4165792479800001,morloc,pr,512,0
"./nexus pr 1024 '""../test-data-00MB.txt""'",2.8153881052800003,0.010160083276510166,2.81658492998,0.00162913,0.0007811399999999999,2.79305406898,2.82728568298,morloc,pr,1024,0
"./nexus pr 2048 '""../test-data-00MB.txt""'",6.001870716480001,0.015890093697630808,6.0015986224799995,0.00196993,0.00035382,5.97986443298,6.02243583998,morloc,pr,2048,0
"./nexus pr 4096 '""../test-data-00MB.txt""'",13.227298303680001,0.056022696705693244,13.244908240480001,0.0013370300000000001,0.0009676600000000001,13.140066086980001,13.31892712298,morloc,pr,4096,0
"./nexus pr 8192 '""../test-data-00MB.txt""'",29.466401579279996,0.06229014661359104,29.481051509479997,0.0016753999999999998,0.0005553399999999999,29.36262431998,29.579517309979998,morloc,pr,8192,0
"./nexus cr 1 '""../test-data-00MB.txt""'",0.2326744803966667,0.0012388479803379258,0.23262498698,0.0014945333333333333,0.0006470416666666665,0.23131897998,0.23472078598,morloc,cr,1,0
"./nexus cr 2 '""../test-data-00MB.txt""'",0.23610708089666665,0.0008980128401038331,0.23610376698000002,0.0018643083333333332,0.0004743666666666667,0.23445120698000002,0.23734743698000002,morloc,cr,2,0
"./nexus cr 4 '""../test-data-00MB.txt""'",0.2391251383133334,0.0011369552402698065,0.23909884248000002,0.0012505333333333332,0.0009623999999999999,0.23749654898000003,0.24098954498000003,morloc,cr,4,0
"./nexus cr 8 '""../test-data-00MB.txt""'",0.24738023098000003,0.0025730412706850172,0.24657016048000002,0.0010564666666666666,0.0012752333333333331,0.24525418398,0.25408976898,morloc,cr,8,0
"./nexus cr 16 '""../test-data-00MB.txt""'",0.2604250103436364,0.0008002481438602938,0.26024542198,0.001629881818181818,0.0005247636363636363,0.25934237098,0.26247403698,morloc,cr,16,0
"./nexus cr 32 '""../test-data-00MB.txt""'",0.28834998398,0.0009544569649870184,0.28833811598000003,0.001193,0.0010888699999999998,0.28669705998,0.28985693598,morloc,cr,32,0
"./nexus cr 64 '""../test-data-00MB.txt""'",0.34506282388000004,0.001474954211611514,0.34479196898000003,0.0015082299999999997,0.0007769399999999999,0.34254739598,0.34764927998,morloc,cr,64,0
"./nexus cr 128 '""../test-data-00MB.txt""'",0.46940911608,0.017718515527547763,0.46392893398,0.0014451300000000002,0.00086035,0.46247795498000005,0.5197161269800001,morloc,cr,128,0
"./nexus cr 256 '""../test-data-00MB.txt""'",0.7153566750800001,0.005190515629440686,0.71409023248,0.00105183,0.0012327599999999998,0.7107822279800001,0.72690199998,morloc,cr,256,0
"./nexus cr 512 '""../test-data-00MB.txt""'",1.39835304728,0.008250843060073627,1.39620874798,0.0018007000000000001,0.0004257299999999999,1.38638122198,1.41582057098,morloc,cr,512,0
"./nexus cr 1024 '""../test-data-00MB.txt""'",2.79386109288,0.009165902731579053,2.7917483269799996,0.0018175,0.00045535000000000004,2.78195815998,2.81255158998,morloc,cr,1024,0
"./nexus cr 2048 '""../test-data-00MB.txt""'",6.13929900998,0.5114258466335266,5.98777703248,0.0012058300000000002,0.00112137,5.88696804098,7.59140205698,morloc,cr,2048,0
"./nexus cr 4096 '""../test-data-00MB.txt""'",13.25481198478,0.03415408062533814,13.26570902948,0.00159843,0.00074665,13.19476521898,13.306658397980001,morloc,cr,4096,0
"./nexus cr 8192 '""../test-data-00MB.txt""'",29.33679924168,0.12327981552045839,29.33005098048,0.0019210000000000002,0.0003586199999999999,29.17827391698,29.57208679098,morloc,cr,8192,0
"./nexus cp 1 '""../test-data-00MB.txt""'",0.05247131675000001,0.00199756744293588,0.052451144000000005,0.0014095392857142856,0.0004371667857142856,0.05061982550000001,0.0648008695,morloc,cp,1,0
"./nexus cp 2 '""../test-data-00MB.txt""'",0.052466089344827584,0.0008018104619919301,0.052637102000000005,0.0013216534482758623,0.00045996137931034474,0.051091145500000004,0.054453744500000005,morloc,cp,2,0
"./nexus cp 4 '""../test-data-00MB.txt""'",0.05362620505357144,0.00208423402714764,0.053319794000000004,0.0014736696428571429,0.0004379214285714286,0.051810060500000005,0.0663944815,morloc,cp,4,0
"./nexus cp 8 '""../test-data-00MB.txt""'",0.05528088708181818,0.0019478250394145,0.05501249750000001,0.0014193472727272725,0.0005764818181818182,0.052967266500000006,0.0636007555,morloc,cp,8,0
"./nexus cp 16 '""../test-data-00MB.txt""'",0.05603161790740743,0.001386007959347283,0.056255032,0.0012754833333333338,0.0005182314814814814,0.0530866045,0.0627416855,morloc,cp,16,0
"./nexus cp 32 '""../test-data-00MB.txt""'",0.05814856747727273,0.0031919387254713398,0.05779988350000001,0.0009634159090909088,0.0007222027272727273,0.0545938305,0.0741246275,morloc,cp,32,0
"./nexus cp 64 '""../test-data-00MB.txt""'",0.0606949387857143,0.00674599821228809,0.059442017500000006,0.0011053040816326532,0.00048491877551020416,0.056467578500000004,0.0981473095,morloc,cp,64,0
"./nexus cp 128 '""../test-data-00MB.txt""'",0.06832414821111112,0.01270149856518893,0.0643525965,0.001168662222222222,0.0004886004444444443,0.061551048500000004,0.1187367005,morloc,cp,128,0
"./nexus cp 256 '""../test-data-00MB.txt""'",0.07428048039999997,0.008273049976287677,0.0725355635,0.0011580333333333333,0.0002722073333333333,0.0690142545,0.1100020405,morloc,cp,256,0
"./nexus cp 512 '""../test-data-00MB.txt""'",0.09438718025000001,0.01438428598939899,0.08897152150000001,0.00114804375,0.000287895,0.0839703075,0.1452918805,morloc,cp,512,0
"./nexus cp 1024 '""../test-data-00MB.txt""'",0.1089773971190476,0.009708695523826935,0.1098557605,0.0009024619047619047,0.00027460190476190474,0.0950342555,0.1422710955,morloc,cp,1024,0
"./nexus cp 2048 '""../test-data-00MB.txt""'",0.1844874481875,0.005319539863410337,0.18430111000000002,0.0010681375,0.00037209249999999993,0.1768169565,0.1962968185,morloc,cp,2048,0
"./nexus cp 4096 '""../test-data-00MB.txt""'",0.3084101615,0.008020805533563794,0.3100641525,0.0011929,0.000287274,0.2982231725,0.31874743050000004,morloc,cp,4096,0
"./nexus cp 8192 '""../test-data-00MB.txt""'",0.5553429297,0.011578522163273017,0.5543342235000001,0.0013417,0.00011855799999999999,0.5387866145,0.5789843535,morloc,cp,8192,0
"./nexus cp 16384 '""../test-data-00MB.txt""'",1.0465409774999999,0.017273583119836674,1.0454248295,0.0011281,0.00035463199999999996,1.0190948345,1.0669481675,morloc,cp,16384,0
"./nexus cp 32768 '""../test-data-00MB.txt""'",2.0342059467,0.030950549828464444,2.0379153800000003,0.0011253300000000001,0.000361874,1.9968334725,2.0838148845,morloc,cp,32768,0
"./nexus cp 65536 '""../test-data-00MB.txt""'",3.9955999726,0.03983396545488095,3.9970973955000004,0.0013012999999999998,0.00016477400000000002,3.9434447085000004,4.0540800355,morloc,cp,65536,0
"./nexus cp 131072 '""../test-data-00MB.txt""'",7.941739751700001,0.055571414804657576,7.9445378575,0.0009277999999999998,0.0006578479999999999,7.8525422465000005,8.0274502575,morloc,cp,131072,0
"./nexus cp 262144 '""../test-data-00MB.txt""'",15.8721203476,0.1279347797890872,15.8791258035,0.0015664999999999998,0.00026001599999999996,15.6703891885,16.0475828225,morloc,cp,262144,0
"./nexus rp 1 '""../test-data-00MB.txt""'",0.23353686958333333,0.0006298395334440306,0.2336151405,0.001759033333333333,0.0002852283333333333,0.2324264195,0.23470704850000002,morloc,rp,1,0
"./nexus rp 2 '""../test-data-00MB.txt""'",0.2398920295,0.018658351177082762,0.2342371505,0.0015188666666666663,0.0007614216666666667,0.2339721635,0.2991001535,morloc,rp,2,0
"./nexus rp 4 '""../test-data-00MB.txt""'",0.24598733125000002,0.023546672991321096,0.23564851250000002,0.0017613666666666666,0.0006194566666666666,0.2342468365,0.29701687250000003,morloc,rp,4,0
"./nexus rp 8 '""../test-data-00MB.txt""'",0.2814595408999999,0.03076571510190879,0.29943936950000005,0.0015356599999999999,0.0019281639999999996,0.23632769350000002,0.3048467775,morloc,rp,8,0
"./nexus rp 16 '""../test-data-00MB.txt""'",0.26125613479999993,0.033979248106365705,0.241536582,0.0027238999999999996,0.00030025799999999997,0.2383335275,0.3141966845,morloc,rp,16,0
"./nexus rp 32 '""../test-data-00MB.txt""'",0.25311187858333334,0.026340030696911126,0.2420895615,0.001499283333333333,0.0007208383333333333,0.24034504150000002,0.3100803385,morloc,rp,32,0
"./nexus rp 64 '""../test-data-00MB.txt""'",0.25668696925,0.025963399646776984,0.246069188,0.001471475,0.0006012766666666666,0.2441751845,0.3230097985,morloc,rp,64,0
"./nexus rp 128 '""../test-data-00MB.txt""'",0.2631338557727273,0.02623307161033943,0.2519937235,0.0013702454545454544,0.00042770363636363635,0.2483312805,0.31709445150000004,morloc,rp,128,0
"./nexus rp 256 '""../test-data-00MB.txt""'",0.2844231289,0.038642216862365804,0.2617901265,0.00120573,0.000528932,0.2566436365,0.3462796435,morloc,rp,256,0
"./nexus rp 512 '""../test-data-00MB.txt""'",0.29066472590000003,0.023931111776429488,0.2836262815,0.00076789,0.000989606,0.2792097095,0.3582962295,morloc,rp,512,0
"./nexus rp 1024 '""../test-data-00MB.txt""'",0.335211711,0.027509350082923517,0.3273930425,0.0012385999999999999,0.000395174,0.3213647505,0.41266017050000003,morloc,rp,1024,0
"./nexus rp 2048 '""../test-data-00MB.txt""'",0.4450744955,0.03917000061001308,0.4252360585,0.0011082,0.000569332,0.3993946165,0.5031384665,morloc,rp,2048,0
"./nexus rp 4096 '""../test-data-00MB.txt""'",0.6118524142,0.029656522564901217,0.6035553685000001,0.0012721999999999998,0.00044589,0.5791429665000001,0.6567326625000001,morloc,rp,4096,0
"./nexus rp 8192 '""../test-data-00MB.txt""'",0.970747101,0.021015013815798664,0.9728967980000001,0.0018442,0.00005195799999999999,0.9314938855,0.9948808395000001,morloc,rp,8192,0
"./nexus rp 16384 '""../test-data-00MB.txt""'",1.6131626167,0.022853220065179508,1.612899818,0.0013163299999999999,0.000595332,1.5841076905,1.6521663635,morloc,rp,16384,0
"./nexus rp 32768 '""../test-data-00MB.txt""'",2.8865882132,0.05351356978077404,2.896088379,0.0015786999999999995,0.000322932,2.7831079005,2.9640252565000003,morloc,rp,32768,0
"./nexus rp 65536 '""../test-data-00MB.txt""'",5.4593103828,0.055585527356346164,5.434379025,0.00127023,0.0006916899999999999,5.3899298205,5.5464774685,morloc,rp,65536,0
"./nexus rp 131072 '""../test-data-00MB.txt""'",10.5582636703,0.10566239537674685,10.563530335500001,0.0013043,0.000727548,10.4283778215,10.6937448745,morloc,rp,131072,0
"./nexus rp 262144 '""../test-data-00MB.txt""'",20.859646449800003,0.12997762788713582,20.861865557,0.0009944599999999997,0.001299106,20.6477727575,21.0638409015,morloc,rp,262144,0
"./nexus pc 1 '""../test-data-00MB.txt""'",0.052873243514285705,0.0009728575473607772,0.05250391880000001,0.0013209053571428566,0.00046508035714285705,0.05168996830000001,0.055104484300000006,morloc,pc,1,0
"./nexus pc 2 '""../test-data-00MB.txt""'",0.05295821862142856,0.0009642634007037351,0.0527200768,0.0011837182142857144,0.0005624742857142858,0.0514196103,0.0556324133,morloc,pc,2,0
"./nexus pc 4 '""../test-data-00MB.txt""'",0.05311735972857142,0.0007091362717438695,0.05293004130000001,0.0011723610714285714,0.0005830282142857141,0.051999612300000005,0.055273665300000004,morloc,pc,4,0
"./nexus pc 8 '""../test-data-00MB.txt""'",0.05328831644285715,0.0006745844253136065,0.05324511230000001,0.0012201064285714284,0.00048559857142857135,0.0518929143,0.05567712130000001,morloc,pc,8,0
"./nexus pc 16 '""../test-data-00MB.txt""'",0.053862107827272715,0.0009680895454568676,0.0536689393,0.0012302585454545454,0.00041357018181818175,0.0526707333,0.059424097300000006,morloc,pc,16,0
"./nexus pc 32 '""../test-data-00MB.txt""'",0.05404100948181819,0.000763317414247424,0.0539553023,0.0011259265454545454,0.000313478909090909,0.0530034263,0.0582877653,morloc,pc,32,0
"./nexus pc 64 '""../test-data-00MB.txt""'",0.05514709930000001,0.0005632574286252001,0.0551477628,0.001054925185185185,0.00034569259259259265,0.05386459230000001,0.056636917300000006,morloc,pc,64,0
"./nexus pc 128 '""../test-data-00MB.txt""'",0.05784806287692308,0.002066148278798692,0.0576131968,0.0011277065384615386,0.0002906603846153846,0.056540339300000006,0.0719036123,morloc,pc,128,0
"./nexus pc 256 '""../test-data-00MB.txt""'",0.06289228748749999,0.002484645579883741,0.0625706418,0.0010410008333333334,0.00039955041666666665,0.0608532903,0.0783710073,morloc,pc,256,0
"./nexus pc 512 '""../test-data-00MB.txt""'",0.07194747339756098,0.0014149056714587865,0.0717820733,0.001025618048780488,0.0003897887804878049,0.0699682713,0.0754845453,morloc,pc,512,0
"./nexus pc 1024 '""../test-data-00MB.txt""'",0.09119480767499999,0.003035272039686434,0.0904484548,0.0010803962499999998,0.0002826625,0.0873709223,0.1019129843,morloc,pc,1024,0
"./nexus pc 2048 '""../test-data-00MB.txt""'",0.12791447290869565,0.004109264911542467,0.12775437430000003,0.0009554356521739132,0.00042640086956521726,0.1218903773,0.13461392130000002,morloc,pc,2048,0
"./nexus pc 4096 '""../test-data-00MB.txt""'",0.2037417094428571,0.005279917791582886,0.20247770780000002,0.0010046685714285714,0.0004365071428571428,0.19763485630000002,0.21785769030000002,morloc,pc,4096,0
"./nexus pc 8192 '""../test-data-00MB.txt""'",0.35565301299999996,0.006770565943768998,0.3553997433,0.00109574,0.00032930599999999997,0.3438901533,0.36950217230000004,morloc,pc,8192,0
"./nexus pc 16384 '""../test-data-00MB.txt""'",0.6548918534,0.007147107304438253,0.6543365638,0.0011832400000000001,0.000175306,0.6427570233000001,0.6646238533000001,morloc,pc,16384,0
"./nexus pc 32768 '""../test-data-00MB.txt""'",1.2657295477,0.016083086525069137,1.2679472653000001,0.0012126399999999999,0.00021010400000000002,1.2426776493,1.2930485033,morloc,pc,32768,0
"./nexus pc 65536 '""../test-data-00MB.txt""'",2.4621898699000004,0.02146517943030263,2.4618429553,0.0009621659999999999,0.000380006,2.4324674783,2.5001591743000002,morloc,pc,65536,0
"./nexus pc 131072 '""../test-data-00MB.txt""'",4.9043794623000005,0.032788999790214206,4.9036053538,0.0010870399999999998,0.00028670599999999996,4.8564875423,4.9529972623,morloc,pc,131072,0
"./nexus pc 262144 '""../test-data-00MB.txt""'",9.7918239272,0.09051776520383448,9.7802167563,0.0009496400000000001,0.00045430799999999995,9.6674010033,9.9081934633,morloc,pc,262144,0
"./nexus pc 524288 '""../test-data-00MB.txt""'",19.5203725843,0.1026836757769474,19.5076043318,0.0009687919999999999,0.000666908,19.414358041299998,19.721352376299997,morloc,pc,524288,0
"./nexus rc 1 '""../test-data-00MB.txt""'",0.23737475921666665,0.0020984652529469528,0.23671191730000002,0.00133799,0.0007524266666666667,0.2356480193,0.24354793930000002,morloc,rc,1,0
"./nexus rc 2 '""../test-data-00MB.txt""'",0.23723527013333334,0.0007882244981849276,0.23714027480000002,0.0012564283333333333,0.0009068433333333332,0.23607781230000002,0.23828498030000003,morloc,rc,2,0
"./nexus rc 4 '""../test-data-00MB.txt""'",0.23675220380000003,0.0005712308791542745,0.2368531473,0.001502906666666667,0.0005230916666666667,0.23577181830000002,0.23751117330000002,morloc,rc,4,0
"./nexus rc 8 '""../test-data-00MB.txt""'",0.2384862229666667,0.001901049953591024,0.23791294780000002,0.00123799,0.0008941783333333333,0.23635412830000002,0.24400999430000003,morloc,rc,8,0
"./nexus rc 16 '""../test-data-00MB.txt""'",0.23882686405000006,0.0007635185807786228,0.2386948003,0.0008986999999999998,0.0012179299999999999,0.23758677230000003,0.24018727430000003,morloc,rc,16,0
"./nexus rc 32 '""../test-data-00MB.txt""'",0.24678490905000003,0.021956155304173636,0.24046412080000001,0.0011702,0.0012292633333333333,0.23821284530000003,0.3163401833,morloc,rc,32,0
"./nexus rc 64 '""../test-data-00MB.txt""'",0.24194041480000003,0.0009054465033055671,0.24190285780000004,0.0015088233333333332,0.0004131733333333333,0.24032222030000003,0.24339072630000003,morloc,rc,64,0
"./nexus rc 128 '""../test-data-00MB.txt""'",0.24653408013333336,0.002119495611322906,0.2466757853,0.0010835733333333332,0.0006380933333333333,0.24202375430000003,0.25005456330000003,morloc,rc,128,0
"./nexus rc 256 '""../test-data-00MB.txt""'",0.25332627220909093,0.0026656475635312804,0.2534803043,0.001215830909090909,0.00045128000000000003,0.24958439730000004,0.2597147193,morloc,rc,256,0
"./nexus rc 512 '""../test-data-00MB.txt""'",0.2668301759,0.004232372334638245,0.2657093893,0.00107934,0.00056321,0.26377324030000004,0.27833939830000004,morloc,rc,512,0
"./nexus rc 1024 '""../test-data-00MB.txt""'",0.3080158523,0.02270699624310916,0.30197227130000004,0.00113004,0.000494908,0.2967459463,0.3722230803,morloc,rc,1024,0
"./nexus rc 2048 '""../test-data-00MB.txt""'",0.3496579047,0.0036322884870466396,0.35068944080000003,0.0012130399999999999,0.000389906,0.34392983130000004,0.35540296330000004,morloc,rc,2048,0
"./nexus rc 4096 '""../test-data-00MB.txt""'",0.4297702737000001,0.004699680376758757,0.4291362193,0.00102454,0.0005476099999999999,0.42148496630000004,0.4366746763,morloc,rc,4096,0
"./nexus rc 8192 '""../test-data-00MB.txt""'",0.6602355449000001,0.016120227438848268,0.6562202988000001,0.00119004,0.00043770599999999995,0.6462173423,0.7036896433000001,morloc,rc,8192,0
"./nexus rc 16384 '""../test-data-00MB.txt""'",1.0796151956000002,0.021576280400280107,1.0902220868,0.0011824399999999997,0.00061151,1.0392936173,1.0970105483,morloc,rc,16384,0
"./nexus rc 32768 '""../test-data-00MB.txt""'",1.8615197986000003,0.022159633502915575,1.8548094773,0.0013720400000000002,0.000507006,1.8422245013,1.9141914293000002,morloc,rc,32768,0
"./nexus rc 65536 '""../test-data-00MB.txt""'",3.5221006644,0.032801242730481434,3.5280079833,0.001385566,0.0007509099999999999,3.4626080913,3.5619961723,morloc,rc,65536,0
"./nexus rc 131072 '""../test-data-00MB.txt""'",6.773925180899999,0.055829022568593116,6.7587377237999995,0.00159334,0.00027250599999999994,6.6815630653,6.8864014413,morloc,rc,131072,0
"./nexus rc 262144 '""../test-data-00MB.txt""'",13.311654559700003,0.08377585992756058,13.3167263813,0.0016230399999999999,0.000479706,13.1594065533,13.4334569093,morloc,rc,262144,0
"./nexus rc 524288 '""../test-data-00MB.txt""'",26.376097785099994,0.1645016008665557,26.372505543799996,0.0015556399999999998,0.00057131,26.148734752299998,26.679048954299997,morloc,rc,524288,0
"./nexus cc 1 '""../test-data-00MB.txt""'",0.0033059547144629014,0.000650302733096454,0.0032607637200000004,0.0006287345736434106,0.00013908589147286837,0.00240579272,0.010740799720000001,morloc,cc,1,0
"./nexus cc 2 '""../test-data-00MB.txt""'",0.004863488510399998,0.0005480389935715662,0.00486021272,0.0006803303679999993,0.00015303436800000002,0.00398775772,0.01182566072,morloc,cc,2,0
"./nexus cc 4 '""../test-data-00MB.txt""'",0.006074645202254692,0.0005239402800804473,0.00602460172,0.0007185866388308976,0.0001622516910229645,0.00542257172,0.013500391720000001,morloc,cc,4,0
"./nexus cc 8 '""../test-data-00MB.txt""'",0.007005413253519549,0.00044150688480459476,0.006935366720000001,0.0007566746368715084,0.0001598939664804469,0.00641693972,0.00873581072,morloc,cc,8,0
"./nexus cc 16 '""../test-data-00MB.txt""'",0.008081054778510635,0.0006574814906824392,0.007875710220000002,0.0007842073404255318,0.00020275276595744677,0.00714002572,0.010448508720000001,morloc,cc,16,0
"./nexus cc 32 '""../test-data-00MB.txt""'",0.0092875056895122,0.0008619274254603226,0.009080090720000001,0.0009006936585365853,0.00023892451219512188,0.00796975572,0.01683435272,morloc,cc,32,0
"./nexus cc 64 '""../test-data-00MB.txt""'",0.010304046860151525,0.000679309386110573,0.01053554122,0.0009865613636363638,0.0002555857575757576,0.008991167720000002,0.01173540372,morloc,cc,64,0
"./nexus cc 128 '""../test-data-00MB.txt""'",0.0110583702850685,0.0007500816736311166,0.011196203220000001,0.0010351858904109584,0.00026993986301369877,0.009591465720000001,0.01771321072,morloc,cc,128,0
"./nexus cc 256 '""../test-data-00MB.txt""'",0.011831293431297074,0.000791573344630028,0.011936372720000001,0.0011008818410041846,0.0002752515481171548,0.010291383720000002,0.01947863972,morloc,cc,256,0
"./nexus cc 512 '""../test-data-00MB.txt""'",0.012551066000172414,0.0006240263123730163,0.01263583872,0.0011536815517241379,0.00030191724137931033,0.01061142072,0.01369806972,morloc,cc,512,0
"./nexus cc 1024 '""../test-data-00MB.txt""'",0.01334510780888889,0.0011596146289206382,0.013357503720000002,0.0011795971555555553,0.00035229262222222224,0.01165433872,0.02607862772,morloc,cc,1024,0
"./nexus cc 2048 '""../test-data-00MB.txt""'",0.013748049305253458,0.0005769313377064093,0.01391406172,0.0011755170506912442,0.0003801235023041474,0.012095915720000001,0.014939506720000002,morloc,cc,2048,0
"./nexus cc 4096 '""../test-data-00MB.txt""'",0.014359805001407036,0.0006022579018971246,0.014450986720000001,0.001228042613065326,0.00034787778894472364,0.012612683720000002,0.01558333272,morloc,cc,4096,0
"./nexus cc 8192 '""../test-data-00MB.txt""'",0.014894860325128208,0.000821007981156871,0.014947554720000002,0.0012912941538461534,0.0003368925128205129,0.012919779720000002,0.02274872272,morloc,cc,8192,0
"./nexus cc 16384 '""../test-data-00MB.txt""'",0.015418586122116404,0.0005693706653508231,0.015494258720000003,0.0012819322751322748,0.000388508783068783,0.013353115720000001,0.01691676172,morloc,cc,16384,0
"./nexus cc 32768 '""../test-data-00MB.txt""'",0.01613039792454545,0.0019550826062508775,0.01610110122,0.001304954318181818,0.0003917281818181819,0.01432636972,0.039044333720000005,morloc,cc,32768,0
"./nexus cc 65536 '""../test-data-00MB.txt""'",0.016633750696608184,0.0008706206076443059,0.01669202072,0.0013152414035087713,0.00042732608187134505,0.014688863720000002,0.02455165672,morloc,cc,65536,0
"./nexus cc 131072 '""../test-data-00MB.txt""'",0.017449436409024403,0.00057258190256729,0.01758765772,0.0013645195121951212,0.00038828268292682945,0.01584262072,0.01862736072,morloc,cc,131072,0
"./nexus cc 262144 '""../test-data-00MB.txt""'",0.018829755460259737,0.0008250277242403516,0.01887177422,0.0013385976623376621,0.00043848467532467525,0.01713484672,0.02642032172,morloc,cc,262144,0
"./nexus cc 524288 '""../test-data-00MB.txt""'",0.020813044925882356,0.0005138528383827001,0.02089721522,0.001348291764705882,0.0004188767647058823,0.01917353072,0.02170815072,morloc,cc,524288,0
"./nexus cc 1048576 '""../test-data-00MB.txt""'",0.024779049589565214,0.001062496285671357,0.02471931172,0.0014028758260869571,0.00045426852173913055,0.02297964872,0.03336859472,morloc,cc,1048576,0
"./nexus cc 2097152 '""../test-data-00MB.txt""'",0.03160975418236559,0.0010695120328442712,0.03163611872,0.0013528855913978496,0.0004695015053763441,0.02957718872,0.03977156672,morloc,cc,2097152,0
"./nexus cc 4194304 '""../test-data-00MB.txt""'",0.04394291426545454,0.001438526011427683,0.044017675719999996,0.0013344363636363635,0.0004609478787878787,0.04091348872,0.048177970720000005,morloc,cc,4194304,0
"./nexus cc 8388608 '""../test-data-00MB.txt""'",0.06237462699083332,0.0017294240598981336,0.06215622822,0.0013259783333333332,0.00042686666666666667,0.059814997720000006,0.06767876172000001,morloc,cc,8388608,0
"./nexus cc 16777216 '""../test-data-00MB.txt""'",0.10388182064857143,0.0022083897915898586,0.10361171822000001,0.0014641085714285711,0.00031425857142857144,0.10087093572,0.11129500572,morloc,cc,16777216,0
"./nexus cc 33554432 '""../test-data-00MB.txt""'",0.18812106021999997,0.0017891150152517287,0.18828062572,0.0014175499999999996,0.00040415000000000004,0.18479293472000002,0.19184101872,morloc,cc,33554432,0
"./nexus cc 67108864 '""../test-data-00MB.txt""'",0.35696971562000007,0.0008773438558906001,0.35704601822000004,0.0013236199999999997,0.00045461199999999996,0.35566648572000004,0.35831120772,morloc,cc,67108864,0
"./nexus cc 134217728 '""../test-data-00MB.txt""'",0.7468085548200001,0.035571323353585774,0.76991316822,0.0014316199999999998,0.00051764,0.69476126372,0.7729391627200001,morloc,cc,134217728,0
"./nexus cc 268435456 '""../test-data-00MB.txt""'",1.51502936872,0.005250093031667564,1.51454527822,0.0013384199999999999,0.0005688399999999999,1.50894264372,1.5229973357200002,morloc,cc,268435456,0
"./nexus cc 536870912 '""../test-data-00MB.txt""'",3.01128557922,0.007896724973438875,3.00765319222,0.0017833199999999993,0.00021895600000000002,3.00400301472,3.02612814372,morloc,cc,536870912,0
"./nexus cc 1073741824 '""../test-data-00MB.txt""'",6.01703534642,0.012125467857987208,6.013295041220001,0.0016474199999999997,0.000389112,5.997807759720001,6.0357600837200005,morloc,cc,1073741824,0
"./nexus cc 2147483647 '""../test-data-00MB.txt""'",12.058800007319999,0.030936039623046897,12.05097609772,0.0017691199999999997,0.00030548399999999996,12.02417721872,12.10561853872,morloc,cc,2147483647,0
"./nexus pp 1 '""../test-data-00MB.txt""'",0.061060275799999994,0.003055613811843571,0.06033623954,0.001589868,0.00045974599999999997,0.059010986040000005,0.07316176504,morloc,pp,1,0
"./nexus pp 2 '""../test-data-00MB.txt""'",0.06096806372750002,0.0025561719867437573,0.06056798204000001,0.0014738858333333332,0.0005420462499999999,0.059258800040000004,0.07300723004,morloc,pp,2,0
"./nexus pp 4 '""../test-data-00MB.txt""'",0.06254159395666666,0.00561149328144383,0.06075964904,0.0015500474999999997,0.00055449125,0.05985725404000001,0.09103071604,morloc,pp,4,0
"./nexus pp 8 '""../test-data-00MB.txt""'",0.06104954936653062,0.0017933086613415312,0.06078348304000001,0.0016333804081632652,0.00044524734693877547,0.05961293904000001,0.07300242204,morloc,pp,8,0
"./nexus pp 16 '""../test-data-00MB.txt""'",0.06108547033166666,0.001998843842419858,0.06087190304000001,0.0014844716666666663,0.0005844174999999999,0.05990543904000001,0.07428728504,morloc,pp,16,0
"./nexus pp 32 '""../test-data-00MB.txt""'",0.06236307420326531,0.005338126442086987,0.060988027040000004,0.0015280538775510203,0.0005567020408163265,0.05971529904,0.08946752604,morloc,pp,32,0
"./nexus pp 64 '""../test-data-00MB.txt""'",0.06224222449833335,0.0035898738418156293,0.061189234040000005,0.0015137999999999998,0.0005692829166666667,0.060322487040000004,0.07438549304,morloc,pp,64,0
"./nexus pp 128 '""../test-data-00MB.txt""'",0.06201850701916667,0.0028575252628672758,0.06134124054000001,0.0014035941666666666,0.0006756354166666667,0.06013387104000001,0.07305922004,morloc,pp,128,0
"./nexus pp 256 '""../test-data-00MB.txt""'",0.06236358832571431,0.004009588488987542,0.06137839204000001,0.0016437273469387754,0.000461264081632653,0.06060385504000001,0.08369362904,morloc,pp,256,0
"./nexus pp 512 '""../test-data-00MB.txt""'",0.06275801281083335,0.00362873243146414,0.06166643654000001,0.0015490758333333333,0.0004934533333333333,0.060304217040000004,0.07389107704,morloc,pp,512,0
"./nexus pp 1024 '""../test-data-00MB.txt""'",0.06451154546553191,0.0062931715429092065,0.061903758040000006,0.0014924714893617022,0.0006313489361702129,0.06061407304000001,0.09273335204,morloc,pp,1024,0
"./nexus pp 2048 '""../test-data-00MB.txt""'",0.06383288838042553,0.004523628685011717,0.06227259804000001,0.001530715744680851,0.0005425365957446807,0.06118850004,0.07880289804,morloc,pp,2048,0
"./nexus pp 4096 '""../test-data-00MB.txt""'",0.06441409504000001,0.005992001016602181,0.06272054104,0.0013358144680851063,0.0007574072340425532,0.06100759604000001,0.09672036204000001,morloc,pp,4096,0
"./nexus pp 8192 '""../test-data-00MB.txt""'",0.06395932306173913,0.002814402297522012,0.06338121703999999,0.0015450252173913046,0.0005133682608695651,0.062030749040000006,0.07694451304,morloc,pp,8192,0
"./nexus pp 16384 '""../test-data-00MB.txt""'",0.06594870812888891,0.002795770033908823,0.06532608904,0.0014258284444444449,0.0006477666666666667,0.06398306704,0.07807430404,morloc,pp,16384,0
"./nexus pp 32768 '""../test-data-00MB.txt""'",0.06944301445860465,0.003315281238284586,0.06866029104,0.0015773702325581399,0.0005039097674418605,0.06704239404,0.08265257204,morloc,pp,32768,0
"./nexus pp 65536 '""../test-data-00MB.txt""'",0.07484094979000003,0.0005675719384070314,0.07483807054,0.001515564,0.0005723189999999998,0.07384883604,0.07618129004,morloc,pp,65536,0
"./nexus pp 131072 '""../test-data-00MB.txt""'",0.0859604922752941,0.0010875774975213181,0.08593949904,0.0015591752941176468,0.0005317441176470587,0.08393368204,0.08909689504,morloc,pp,131072,0
"./nexus pp 262144 '""../test-data-00MB.txt""'",0.10480901046857143,0.0012492684695716765,0.10453236004,0.00149929,0.0006272735714285715,0.10334544904,0.10828311504,morloc,pp,262144,0
"./nexus pp 524288 '""../test-data-00MB.txt""'",0.13793807127809524,0.0035940582410968493,0.13712961604,0.001311870476190476,0.0007159923809523809,0.13455943504,0.15192175404,morloc,pp,524288,0
"./nexus pp 1048576 '""../test-data-00MB.txt""'",0.21255517565538457,0.0057291704451999095,0.21025903104000002,0.0016219661538461538,0.0004389169230769231,0.20569987204,0.22240458204000002,morloc,pp,1048576,0
"./nexus pp 2097152 '""../test-data-00MB.txt""'",0.39355867714000003,0.0025967463613957554,0.39375406754000003,0.0018150199999999994,0.00037874599999999995,0.38875880104000005,0.39661238304000007,morloc,pp,2097152,0
"./nexus pp 4194304 '""../test-data-00MB.txt""'",0.71771134044,0.0050999469906026175,0.7163701010400001,0.00155282,0.00059121,0.71237867804,0.72737246404,morloc,pp,4194304,0
"./nexus pp 8388608 '""../test-data-00MB.txt""'",1.36494978584,0.00578124292728325,1.36276181104,0.0018158199999999999,0.000399846,1.35898130304,1.37685065704,morloc,pp,8388608,0
"./nexus pp 16777216 '""../test-data-00MB.txt""'",2.6716930270400003,0.024551656896985772,2.66031944804,0.0013392080000000002,0.000825192,2.65173810804,2.7227354900400003,morloc,pp,16777216,0
"./nexus pp 33554432 '""../test-data-00MB.txt""'",5.27923721724,0.04202713610387267,5.26500629504,0.000999508,0.001005074,5.24444363004,5.38580072004,morloc,pp,33554432,0
"./nexus pp 67108864 '""../test-data-00MB.txt""'",10.51557927064,0.09964254422904134,10.48164608354,0.0010093079999999998,0.001071274,10.427984495039999,10.75961280504,morloc,pp,67108864,0
"./nexus pp 134217728 '""../test-data-00MB.txt""'",20.966501454539998,0.1893717075301882,20.915524597039997,0.001109208,0.0010037919999999999,20.79494397004,21.30651857404,morloc,pp,134217728,0
"./nexus rr 1 '""../test-data-00MB.txt""'",0.30699659334,0.004465836436186566,0.30598290114000004,0.0012654999999999997,0.001531228,0.30131595414,0.31485603414,morloc,rr,1,0
"./nexus rr 2 '""../test-data-00MB.txt""'",0.30860462854000004,0.009920008917803159,0.30527678214000004,0.0018725999999999999,0.0008895299999999998,0.30202704814000003,0.33622206514,morloc,rr,2,0
"./nexus rr 4 '""../test-data-00MB.txt""'",0.31641890754,0.01514794506496864,0.30905277564,0.00169253,0.0012937299999999999,0.30459775214,0.34225564214000004,morloc,rr,4,0
"./nexus rr 8 '""../test-data-00MB.txt""'",0.31347018194,0.014604496499395353,0.3069641926400001,0.0018820299999999998,0.0011006619999999999,0.30296322314,0.34178430114,morloc,rr,8,0
"./nexus rr 16 '""../test-data-00MB.txt""'",0.30885544004000004,0.003726703105800274,0.30928616914,0.0022256,0.0007757299999999999,0.30360136414000005,0.31441952514000004,morloc,rr,16,0
"./nexus rr 32 '""../test-data-00MB.txt""'",0.31439535514,0.01240669067647344,0.30927477814000004,0.0021010299999999994,0.0008189639999999999,0.30365782814000003,0.34090970314,morloc,rr,32,0
"./nexus rr 64 '""../test-data-00MB.txt""'",0.31240693463999997,0.010777280675908383,0.30861284314000004,0.0019476,0.0009351299999999999,0.30156280214000003,0.33859054614000006,morloc,rr,64,0
"./nexus rr 128 '""../test-data-00MB.txt""'",0.31011704014,0.0048375554006273,0.30944524714,0.0019303999999999999,0.000961896,0.30297062714000006,0.31856552714,morloc,rr,128,0
"./nexus rr 256 '""../test-data-00MB.txt""'",0.31525097594,0.01567956802689967,0.30899931064,0.0021506,0.0007086299999999998,0.30393493214000006,0.34928384514000005,morloc,rr,256,0
"./nexus rr 512 '""../test-data-00MB.txt""'",0.3117946555400001,0.01053834592546213,0.30868913614000004,0.00143396,0.0014067959999999997,0.30473531914,0.34079981514,morloc,rr,512,0
"./nexus rr 1024 '""../test-data-00MB.txt""'",0.30861775674,0.00301628443695426,0.30877677864,0.0011948300000000002,0.0015285619999999998,0.30508295114000006,0.31223601914000004,morloc,rr,1024,0
"./nexus rr 2048 '""../test-data-00MB.txt""'",0.31210798153999997,0.003007378736644446,0.31141360414,0.0017940300000000003,0.001168396,0.30709261614000005,0.31590041114000006,morloc,rr,2048,0
"./nexus rr 4096 '""../test-data-00MB.txt""'",0.34144733744000005,0.014393695661106386,0.33810364064000004,0.00078893,0.0020089939999999996,0.32675534214,0.36034235014000005,morloc,rr,4096,0
"./nexus rr 8192 '""../test-data-00MB.txt""'",0.33967546964,0.010881771004394396,0.33883155014000005,0.00117753,0.001400094,0.32781397114000005,0.36736229314,morloc,rr,8192,0
"./nexus rr 16384 '""../test-data-00MB.txt""'",0.35710610404,0.009343732171252783,0.3567984631400001,0.0019008300000000003,0.000649798,0.34208883614,0.37898359414000005,morloc,rr,16384,0
"./nexus rr 32768 '""../test-data-00MB.txt""'",0.3855594245400001,0.012167910139327946,0.38278845814000007,0.0016740000000000001,0.0008408959999999998,0.36796786614000004,0.40488612314000005,morloc,rr,32768,0
"./nexus rr 65536 '""../test-data-00MB.txt""'",0.42813856414,0.011820483494794611,0.42494984964000004,0.00141773,0.0012664619999999999,0.41268872514000005,0.45031515914000003,morloc,rr,65536,0
"./nexus rr 131072 '""../test-data-00MB.txt""'",0.5195999347400001,0.012150463900987224,0.51734325614,0.0021896000000000003,0.000394998,0.50646080614,0.5405788151400001,morloc,rr,131072,0
"./nexus rr 262144 '""../test-data-00MB.txt""'",0.7038578602400001,0.010030192315105265,0.70659506064,0.0010838600000000003,0.0015685279999999996,0.68759283814,0.71497314814,morloc,rr,262144,0
"./nexus rr 524288 '""../test-data-00MB.txt""'",1.08984791564,0.008854255662073249,1.09305434114,0.0022056,0.00035746399999999994,1.0711266901399998,1.10120781714,morloc,rr,524288,0
"./nexus rr 1048576 '""../test-data-00MB.txt""'",1.76345104914,0.04611760300868337,1.78719397914,0.0018588,0.00066223,1.68249020014,1.80268535014,morloc,rr,1048576,0
"./nexus rr 2097152 '""../test-data-00MB.txt""'",3.09796445614,0.048837671426829515,3.07374821164,0.0018365,0.0005675639999999999,3.0654533071400003,3.18984521014,morloc,rr,2097152,0
"./nexus rr 4194304 '""../test-data-00MB.txt""'",5.71525377024,0.047893962234430106,5.69263485614,0.0017283999999999997,0.000741164,5.679087104140001,5.80444432314,morloc,rr,4194304,0
"./nexus rr 8388608 '""../test-data-00MB.txt""'",11.113916952940002,0.05253042087018237,11.10624870164,0.0012276,0.0012037279999999998,11.05589892914,11.20840109214,morloc,rr,8388608,0
snakemake -c1 --config nnodes=1 inputfile=../test-data-00MB.txt -- testlc,0.61304100566,0.0029061461234420557,0.61294936296,0.5324629600000002,0.060656180000000004,0.60962036896,0.61988288096,snakemake,testlc,1,0
snakemake -c1 --config nnodes=2 inputfile=../test-data-00MB.txt -- testlc,0.72322133346,0.0028695469190115775,0.72402019996,0.62181106,0.07769928,0.71804437796,0.7280133399600001,snakemake,testlc,2,0
snakemake -c1 --config nnodes=4 inputfile=../test-data-00MB.txt -- testlc,0.94612122856,0.004555330294173104,0.9454936539600001,0.8008807599999999,0.11384247999999997,0.9414074839600001,0.95668280796,snakemake,testlc,4,0
snakemake -c1 --config nnodes=8 inputfile=../test-data-00MB.txt -- testlc,1.52356444236,0.004490037917033257,1.52485322746,1.28839666,0.18500097999999998,1.51498704396,1.52897553996,snakemake,testlc,8,0
snakemake -c1 --config nnodes=16 inputfile=../test-data-00MB.txt -- testlc,2.491228605560001,0.006590414050087343,2.4886068864600004,2.10713506,0.3015319799999999,2.48332033296,2.50244280896,snakemake,testlc,16,0
snakemake -c1 --config nnodes=32 inputfile=../test-data-00MB.txt -- testlc,4.41506390206,0.006269163641058617,4.41490365396,3.74085386,0.5284176799999999,4.40143559396,4.42626562996,snakemake,testlc,32,0
snakemake -c1 --config nnodes=64 inputfile=../test-data-00MB.txt -- testlc,8.26954808776,0.008407284820491146,8.268762431959999,6.978818559999999,1.0222516799999999,8.25479862096,8.28244558796,snakemake,testlc,64,0
snakemake -c1 --config nnodes=128 inputfile=../test-data-00MB.txt -- testlc,16.004143855560002,0.007651237893256117,16.00518021746,13.573078859999999,1.91459058,15.98980249696,16.01457082996,snakemake,testlc,128,0
snakemake -c1 --config nnodes=256 inputfile=../test-data-00MB.txt -- testlc,31.52239960286,0.02388936421501111,31.52621400046,26.570283559999996,3.9348652799999995,31.48637102696,31.554167326960002,snakemake,testlc,256,0
snakemake -c1 --config nnodes=5 inputfile=../test-data-00MB.txt  -- testlc,1.0498210574,0.006419118782733942,1.0493929156,0.8947346999999999,0.12082975999999998,1.0407546476,1.0643981076,snakemake,testlc,5,0
snakemake -c1 --config nnodes=5 inputfile=../test-data-10MB.txt  -- testlc,1.1586814591,0.00467248870652698,1.1584851541,0.9097082999999999,0.21440526000000001,1.1493483726,1.1652658815999999,snakemake,testlc,5,1
snakemake -c1 --config nnodes=5 inputfile=../test-data-20MB.txt  -- testlc,1.375988455,0.006979544648417124,1.3759656246,1.0084183000000002,0.32933165999999997,1.3651740526,1.3894240836,snakemake,testlc,5,2
snakemake -c1 --config nnodes=5 inputfile=../test-data-30MB.txt  -- testlc,1.4813982617999997,0.005606454873211338,1.4830019526,1.0290909999999998,0.41331956,1.4708158086,1.4866509806,snakemake,testlc,5,3
snakemake -c1 --config nnodes=5 inputfile=../test-data-40MB.txt  -- testlc,1.5952934964,0.004527236490617193,1.5941250046,1.0507183,0.5040467599999999,1.5912322386,1.6044892126,snakemake,testlc,5,4
snakemake -c1 --config nnodes=5 inputfile=../test-data-50MB.txt  -- testlc,1.7037712308,0.0036486588306218906,1.7035956901,1.0686242,0.5964657599999998,1.6967169926,1.7105942776,snakemake,testlc,5,5
snakemake -c1 --config nnodes=5 inputfile=../test-data-60MB.txt  -- testlc,1.8148318511000003,0.003394082813078328,1.8138707846,1.083858,0.6911753599999998,1.8107288666,1.8214980546,snakemake,testlc,5,6
snakemake -c1 --config nnodes=5 inputfile=../test-data-70MB.txt  -- testlc,1.9240386372000002,0.005331769470633596,1.9223597201,1.0904928,0.79419906,1.9186190556,1.9356362896,snakemake,testlc,5,7
snakemake -c1 --config nnodes=5 inputfile=../test-data-80MB.txt  -- testlc,2.0344326346,0.005129752303283703,2.0322978326000003,1.1224929,0.87280216,2.0297416346,2.0463031816000004,snakemake,testlc,5,8
snakemake -c1 --config nnodes=5 inputfile=../test-data-90MB.txt  -- testlc,2.1439624940000006,0.00390001823007347,2.1435066751000003,1.1406417,0.9631560599999999,2.1376686816,2.1489480256,snakemake,testlc,5,9
snakemake -c1 --config nnodes=5 inputfile=../test-data-100MB.txt  -- testlc,2.2533797703,0.005825729667050825,2.2531068936,1.1459118,1.0667699599999998,2.2447258576,2.2650722266,snakemake,testlc,5,10
snakemake -c1 --config nnodes=5 inputfile=../test-data-110MB.txt  -- testlc,2.3653993181,0.00465117607639684,2.3652657901000005,1.1806010999999998,1.1442923600000001,2.3586631526,2.3718643686000003,snakemake,testlc,5,11
snakemake -c1 --config nnodes=5 inputfile=../test-data-120MB.txt  -- testlc,2.4758668722,0.004927751309260493,2.4747961221000003,1.1996459999999998,1.2372643599999997,2.4686456426000003,2.4847036066,snakemake,testlc,5,12
snakemake -c1 --config nnodes=5 inputfile=../test-data-130MB.txt  -- testlc,2.5909193895000002,0.005614258680440784,2.5904873116000005,1.205663,1.34333846,2.5817638996000003,2.6005907946,snakemake,testlc,5,13
snakemake -c1 --config nnodes=5 inputfile=../test-data-140MB.txt  -- testlc,2.6996016925,0.0038890922992711368,2.6994981711,1.2445716999999998,1.41370646,2.6949086816000003,2.7073171566000003,snakemake,testlc,5,14
snakemake -c1 --config nnodes=5 inputfile=../test-data-150MB.txt  -- testlc,2.8082505508999995,0.0047386038527414695,2.8084378296,1.2436785999999997,1.52410966,2.8006521666000004,2.8135700956000003,snakemake,testlc,5,15
snakemake -c1 --config nnodes=5 inputfile=../test-data-160MB.txt  -- testlc,2.9235298305,0.005948622037536776,2.9218488616,1.2579515999999997,1.62292746,2.9169255076000002,2.9352272576000003,snakemake,testlc,5,16
snakemake -c1 --config nnodes=5 inputfile=../test-data-00MB.txt  -- testlt,1.3068639920999998,0.005425704031135702,1.3046544541,1.0944255,0.16478526,1.3022565486,1.3182843285999999,snakemake,testlt,5,0
snakemake -c1 --config nnodes=5 inputfile=../test-data-10MB.txt  -- testlt,1.4233700657,0.0020489238746153647,1.4245020735999998,1.1013764,0.27306036,1.4191432306,1.4251616346,snakemake,testlt,5,1
snakemake -c1 --config nnodes=5 inputfile=../test-data-20MB.txt  -- testlt,1.5391669229000002,0.005164954174648638,1.5406450885999998,1.1208466,0.36788995999999996,1.5293571156,1.5453929236,snakemake,testlt,5,2
snakemake -c1 --config nnodes=5 inputfile=../test-data-30MB.txt  -- testlt,1.7382143114000002,0.007623362727350962,1.7379410771,1.2089156999999997,0.47619375999999997,1.7272059765999999,1.7502109116,snakemake,testlt,5,3
snakemake -c1 --config nnodes=5 inputfile=../test-data-40MB.txt  -- testlt,1.8504091381000003,0.0028937332620374515,1.8499341835999998,1.2410055999999998,0.5552029600000001,1.8471107556,1.8570940996,snakemake,testlt,5,4
snakemake -c1 --config nnodes=5 inputfile=../test-data-50MB.txt  -- testlt,1.9674617094000002,0.00571178796945312,1.9653982631,1.2406826,0.67116776,1.9620138116,1.9802840216,snakemake,testlt,5,5
snakemake -c1 --config nnodes=5 inputfile=../test-data-60MB.txt  -- testlt,2.1075655484,0.006940524669334825,2.1082582236,1.2912598999999996,0.7584727599999999,2.0949420296000003,2.1155259966,snakemake,testlt,5,6
snakemake -c1 --config nnodes=5 inputfile=../test-data-70MB.txt  -- testlt,2.3927676596,0.008044712694867761,2.3931269121000005,1.4724375999999997,0.86267786,2.3787606286000003,2.4048600216000002,snakemake,testlt,5,7
snakemake -c1 --config nnodes=5 inputfile=../test-data-80MB.txt  -- testlt,2.5121560547,0.010241306334060729,2.5109695176000004,1.4957514,0.9563122599999998,2.4988398426000002,2.5299814506000002,snakemake,testlt,5,8
snakemake -c1 --config nnodes=5 inputfile=../test-data-90MB.txt  -- testlt,2.6296524761,0.011199823833999896,2.6309723076000004,1.5104564999999999,1.0565651600000001,2.6060452326,2.6444940856000003,snakemake,testlt,5,9
snakemake -c1 --config nnodes=5 inputfile=../test-data-100MB.txt  -- testlt,2.7522373811999996,0.013241375126177086,2.7533755991,1.544521,1.1426212599999999,2.7366659196,2.7734942096000004,snakemake,testlt,5,10
snakemake -c1 --config nnodes=5 inputfile=../test-data-110MB.txt  -- testlt,2.8681539446000004,0.007795703491327071,2.8707796026,1.5495844999999997,1.25283956,2.8555725416000004,2.8793065366,snakemake,testlt,5,11
snakemake -c1 --config nnodes=5 inputfile=../test-data-120MB.txt  -- testlt,2.9790415752,0.010337304019358154,2.9784960401000005,1.5837783,1.32964096,2.9617207506,3.0005283866,snakemake,testlt,5,12
snakemake -c1 --config nnodes=5 inputfile=../test-data-130MB.txt  -- testlt,3.1023416062,0.005139889529657534,3.1043685261,1.6241412999999998,1.4096739600000001,3.0919582436,3.1092220716,snakemake,testlt,5,13
snakemake -c1 --config nnodes=5 inputfile=../test-data-140MB.txt  -- testlt,3.2156854609,0.00675406410282249,3.2152281371000004,1.6382963999999998,1.50769206,3.2075506616,3.2270799386,snakemake,testlt,5,14
snakemake -c1 --config nnodes=5 inputfile=../test-data-150MB.txt  -- testlt,3.3376523528,0.006352508595018428,3.3388900571000004,1.6475714,1.6166673599999999,3.3275372386,3.3467825366,snakemake,testlt,5,15
snakemake -c1 --config nnodes=5 inputfile=../test-data-160MB.txt  -- testlt,3.4556799837,0.006925805351265315,3.4546376171000004,1.6827903,1.6986695599999997,3.4469594936,3.4680604686,snakemake,testlt,5,16
nextflow run main.nf --input=test-data-00MB.txt --outdir=results,4.1581922186,0.46972886406496284,3.9704149479,14.801120379999997,0.38567354000000004,3.7335345794,4.9484432394,nextflow,testlc,1,0
nextflow run main.nf --input=test-data-00MB.txt --outdir=results,4.080499806240001,0.04533030378412376,4.076547527340001,16.0771777,0.4074757,3.9995316903399996,4.16759438334,nextflow,testlc,2,0
nextflow run main.nf --input=test-data-00MB.txt --outdir=results,4.282945225120001,0.11467037116046898,4.28391970672,17.01646976,0.44301144,4.13322768872,4.46363366472,nextflow,testlc,4,0
nextflow run main.nf --input=test-data-00MB.txt --outdir=results,4.7706481924999995,0.114436788896309,4.7906797385,18.87875128,0.48996918,4.570841947,4.897162919,nextflow,testlc,8,0
nextflow run main.nf --input=test-data-00MB.txt --outdir=results,5.55193604634,0.13281896621788766,5.50696100294,22.320461740000002,0.62372882,5.40257153194,5.85554066294,nextflow,testlc,16,0
nextflow run main.nf --input=test-data-00MB.txt --outdir=results,7.018091825339999,0.16931223308063031,7.0777390666399995,28.773035999999998,0.8212510599999998,6.68390190114,7.2026054001399995,nextflow,testlc,32,0
nextflow run main.nf --input=test-data-00MB.txt --outdir=results,9.34635934676,0.12312451107574103,9.30775617746,37.240003419999994,1.12548202,9.14885322546,9.55065870346,nextflow,testlc,64,0
nextflow run main.nf --input=test-data-00MB.txt --outdir=results,13.6820629682,0.23188713168346997,13.6530775668,52.9822215,1.77019596,13.399355334300001,14.0609166963,nextflow,testlc,128,0
nextflow run main.nf --input=test-data-00MB.txt --outdir=results,20.198645265759996,0.44982124326592327,20.15101753156,68.3434657,2.6234292999999997,19.65297933606,20.78929883706,nextflow,testlc,256,0
nextflow run main.nf --input=test-data-00MB.txt --outdir=results,32.464637533659996,0.5023093515912671,32.56449499816,93.24120173999998,4.15085392,31.57943064916,33.05222481016,nextflow,testlc,512,0
nextflow run main.nf --input=test-data-00MB.txt --outdir=results,55.792121837479996,0.8341634043555768,55.49470262788,129.8663703,6.795287740000001,54.84785133788,57.37450880488,nextflow,testlc,1024,0
nextflow run main.nf --input=test-data-00MB.txt --outdir=results,4.35024290522,0.17546293722852155,4.29847430302,17.19422562,0.4676036600000001,4.12116226802,4.63153188002,nextflow,testlc,5,0
nextflow run main.nf --input=test-data-10MB.txt --outdir=results,4.433565134220001,0.07037431553661262,4.45395944002,17.488909720000002,0.59674896,4.27317886702,4.52582624602,nextflow,testlc,5,1
nextflow run main.nf --input=test-data-20MB.txt --outdir=results,4.6488997567200006,0.08592410848375379,4.64363498352,17.93906792,0.7450348599999999,4.47146832302,4.73968641502,nextflow,testlc,5,2
nextflow run main.nf --input=test-data-30MB.txt --outdir=results,4.69891979042,0.13440762713503057,4.69023193652,18.34303952,0.86810766,4.43182544602,4.92051373602,nextflow,testlc,5,3
nextflow run main.nf --input=test-data-40MB.txt --outdir=results,4.74184391442,0.14736951527148806,4.7325103870200005,18.133773919999996,1.00183596,4.55800729202,4.97689484602,nextflow,testlc,5,4
nextflow run main.nf --input=test-data-50MB.txt --outdir=results,4.94397168132,0.13645364778198635,4.94725353802,18.71537922,1.1450662600000001,4.786480253020001,5.17932388602,nextflow,testlc,5,5
nextflow run main.nf --input=test-data-60MB.txt --outdir=results,4.9406743762200005,0.08266564908486833,4.93753019952,18.57433822,1.2513839599999999,4.79992703302,5.11227413402,nextflow,testlc,5,6
nextflow run main.nf --input=test-data-70MB.txt --outdir=results,5.09253385232,0.0654972240129326,5.08438071402,18.987872720000002,1.3927827599999998,5.00325183402,5.19449849002,nextflow,testlc,5,7
nextflow run main.nf --input=test-data-80MB.txt --outdir=results,5.134607705620001,0.15535478570334138,5.12960426852,18.837080120000003,1.5449295599999997,4.92733162902,5.32951765302,nextflow,testlc,5,8
nextflow run main.nf --input=test-data-90MB.txt --outdir=results,5.21985647782,0.10001302016527053,5.24388271102,19.202977420000003,1.6297928599999998,5.02335363502,5.34662086602,nextflow,testlc,5,9
nextflow run main.nf --input=test-data-100MB.txt --outdir=results,5.278733624319999,0.1446614026282523,5.25440483752,18.558084819999998,1.6889531599999998,5.08189082302,5.50388618602,nextflow,testlc,5,10
nextflow run main.nf --input=test-data-110MB.txt --outdir=results,5.42632946352,0.25369472069131993,5.38931753002,18.60080222,1.7931874599999997,5.2117275450200005,6.10779648802,nextflow,testlc,5,11
nextflow run main.nf --input=test-data-120MB.txt --outdir=results,5.514342919820001,0.15131248703761227,5.44111622002,19.166601120000003,1.9607904599999997,5.35893724302,5.74115084802,nextflow,testlc,5,12
nextflow run main.nf --input=test-data-130MB.txt --outdir=results,5.5523514045199995,0.12273338700198498,5.56273785002,19.043676920000003,2.03128226,5.31777427202,5.68992193202,nextflow,testlc,5,13
nextflow run main.nf --input=test-data-140MB.txt --outdir=results,5.51500422922,0.12447096480620291,5.5705877720200005,18.06366362,2.04981656,5.31358938402,5.62750581202,nextflow,testlc,5,14
nextflow run main.nf --input=test-data-150MB.txt --outdir=results,5.63297012422,0.11131865268763443,5.63888104602,18.61932162,2.1898336599999992,5.46370884402,5.77456141602,nextflow,testlc,5,15
nextflow run main.nf --input=test-data-160MB.txt --outdir=results,5.761461332320001,0.09317459125616209,5.75435336002,18.841961219999998,2.2993009599999996,5.57349384002,5.87930136702,nextflow,testlc,5,16
